i,d,sum,r,s,k,aligned,nX,nY,nZ,v0,v1,v2,v3,l1,db,Tdot,eq,recon
45,25,35,1,1,12,0,12,12,12,1,-1,1,-1,4,-2,2,1,1
47,27,37,1,1,13,0,13,13,13,0,-1,2,-1,4,1,-1,1,1
57,21,29,1,1,10,0,10,10,10,1,-1,0,0,2,-1,1,1,1
58,21,29,0,1,10,0,10,10,10,0,-1,1,0,2,2,-2,1,1
88,55,87,0,1,27,0,27,27,27,0,-1,1,0,2,2,-2,1,1
124,21,35,0,1,10,0,10,10,10,-1,1,-1,1,4,2,-2,1,1
149,6,11,1,0,3,0,2,2,2,0,0,0,0,0,0,0,1,1
153,4,8,1,0,2,0,1,1,1,-1,1,0,0,2,1,-1,1,1
155,6,11,1,0,3,0,2,2,2,1,-1,0,0,2,-1,1,1,1
157,4,8,1,0,2,0,1,1,1,1,-1,0,0,2,-1,1,1,1
165,13,20,1,1,6,0,6,6,6,1,0,-1,0,2,-3,3,1,1
165,32,48,1,0,16,0,15,15,15,0,2,-3,1,6,-3,3,1,1
165,112,162,1,0,56,0,55,55,55,2,-3,2,-1,8,-1,1,1,1
166,111,162,0,1,55,0,55,55,55,2,-3,2,-1,8,-1,1,1,1
169,470,699,1,0,235,0,234,234,234,-1,0,1,0,2,3,-3,1,1
172,15,21,0,1,7,0,7,7,7,-1,1,-1,1,4,2,-2,1,1
180,100,145,0,0,50,1,50,50,50,1,-2,2,-1,6,0,0,1,1
185,24,37,1,0,12,0,11,11,11,0,1,-1,0,2,-2,2,1,1
188,108,155,0,0,54,1,54,54,54,1,-2,2,-1,6,0,0,1,1
205,89,127,1,1,44,0,44,44,44,2,-2,1,-1,6,-3,3,1,1
226,84,121,0,0,42,1,42,42,42,1,-2,2,-1,6,0,0,1,1
227,84,121,1,0,42,0,41,41,41,1,-2,2,-1,6,0,0,1,1
228,84,121,0,0,42,1,42,42,42,1,-2,2,-1,6,0,0,1,1
229,80,114,1,0,40,0,39,39,39,2,-3,2,-1,8,-1,1,1,1
229,84,121,1,0,42,0,41,41,41,1,-2,2,-1,6,0,0,1,1
230,79,114,0,1,39,0,39,39,39,2,-3,2,-1,8,-1,1,1,1
230,84,121,0,0,42,1,42,42,42,1,-2,2,-1,6,0,0,1,1
231,84,121,1,0,42,0,41,41,41,1,-2,2,-1,6,0,0,1,1
232,43,61,0,1,21,0,21,21,21,0,-1,1,0,2,2,-2,1,1
232,84,121,0,0,42,1,42,42,42,1,-2,2,-1,6,0,0,1,1
237,25,35,1,1,12,0,12,12,12,1,-1,1,-1,4,-2,2,1,1
239,27,37,1,1,13,0,13,13,13,0,-1,2,-1,4,1,-1,1,1
249,21,29,1,1,10,0,10,10,10,1,-1,0,0,2,-1,1,1,1
250,21,29,0,1,10,0,10,10,10,0,-1,1,0,2,2,-2,1,1
263,30,40,1,0,15,0,14,14,14,0,1,-1,0,2,-2,2,1,1
298,12,15,0,0,6,1,6,6,6,0,0,0,0,0,0,0,1,1
301,11,13,1,1,5,0,5,5,5,0,1,-1,0,2,-2,2,1,1
303,9,10,1,1,4,0,4,4,4,-1,1,-1,1,4,2,-2,1,1
305,15,18,1,1,7,0,7,7,7,0,0,1,-1,2,-1,1,1,1
306,8,9,0,0,4,1,4,4,4,-1,1,1,-1,4,0,0,1,1
310,12,15,0,0,6,1,6,6,6,0,0,0,0,0,0,0,1,1
312,11,13,0,1,5,0,5,5,5,0,-1,1,0,2,2,-2,1,1
314,8,9,0,0,4,1,4,4,4,1,-1,-1,1,4,0,0,1,1
316,51,72,0,1,25,0,25,25,25,-1,1,-1,1,4,2,-2,1,1
322,48,70,0,0,24,1,24,24,24,-1,2,-2,1,6,0,0,1,1
325,32,48,1,0,16,0,15,15,15,-1,0,1,0,2,3,-3,1,1
328,27,40,0,1,13,0,13,13,13,0,-1,1,0,2,2,-2,1,1
332,45,66,0,1,22,0,22,22,22,-1,2,-3,2,8,1,-1,1,1
335,42,63,1,0,21,0,20,20,20,-1,3,-3,1,8,-2,2,1,1
339,19,30,1,1,9,0,9,9,9,0,1,0,-1,2,-3,3,1,1
348,27,42,0,1,13,0,13,13,13,-1,1,-1,1,4,2,-2,1,1
349,4,8,1,0,2,0,1,1,1,0,0,0,0,0,0,0,1,1
349,226,348,1,0,113,0,112,112,112,0,0,0,0,0,0,0,1,1
352,220,339,0,0,110,1,110,110,110,1,-2,2,-1,6,0,0,1,1
357,13,20,1,1,6,0,6,6,6,1,0,-1,0,2,-3,3,1,1
357,32,48,1,0,16,0,15,15,15,0,2,-3,1,6,-3,3,1,1
360,199,305,0,1,99,0,99,99,99,1,-3,3,-1,8,2,-2,1,1
364,15,21,0,1,7,0,7,7,7,-1,1,-1,1,4,2,-2,1,1
370,48,70,0,0,24,1,24,24,24,0,0,0,0,0,0,0,1,1
373,214,329,1,0,107,0,106,106,106,1,-2,2,-1,6,0,0,1,1
377,24,37,1,0,12,0,11,11,11,0,1,-1,0,2,-2,2,1,1
424,151,231,0,1,75,0,75,75,75,-1,1,-1,1,4,2,-2,1,1
429,25,35,1,1,12,0,12,12,12,1,-1,1,-1,4,-2,2,1,1
431,27,37,1,1,13,0,13,13,13,0,-1,2,-1,4,1,-1,1,1
441,21,29,1,1,10,0,10,10,10,1,-1,0,0,2,-1,1,1,1
442,21,29,0,1,10,0,10,10,10,0,-1,1,0,2,2,-2,1,1
455,173,266,1,1,86,0,86,86,86,2,-3,3,-2,10,-2,2,1,1
456,167,257,0,1,83,0,83,83,83,1,-3,3,-1,8,2,-2,1,1
456,171,263,0,1,85,0,85,85,85,1,-3,4,-2,10,1,-1,1,1
457,171,263,1,1,85,0,85,85,85,2,-3,3,-2,10,-2,2,1,1
464,165,255,0,1,82,0,82,82,82,2,-3,2,-1,8,-1,1,1,1
472,55,87,0,1,27,0,27,27,27,0,-1,1,0,2,2,-2,1,1
496,84,133,0,0,42,1,42,42,42,-1,2,-2,1,6,0,0,1,1
503,111,174,1,1,55,0,55,55,55,0,-1,2,-1,4,1,-1,1,1
508,21,35,0,1,10,0,10,10,10,-1,1,-1,1,4,2,-2,1,1
529,45,72,1,1,22,0,22,22,22,0,2,-3,1,6,-3,3,1,1
529,59,95,1,1,29,0,29,29,29,0,2,-3,1,6,-3,3,1,1
533,6,11,1,0,3,0,2,2,2,0,0,0,0,0,0,0,1,1
537,4,8,1,0,2,0,1,1,1,-1,1,0,0,2,1,-1,1,1
537,95,149,1,1,47,0,47,47,47,0,0,1,-1,2,-1,1,1,1
539,6,11,1,0,3,0,2,2,2,1,-1,0,0,2,-1,1,1,1
541,4,8,1,0,2,0,1,1,1,1,-1,0,0,2,-1,1,1,1
549,13,20,1,1,6,0,6,6,6,1,0,-1,0,2,-3,3,1,1
554,92,142,0,0,46,1,46,46,46,0,-1,3,-2,6,0,0,1,1
555,92,142,1,0,46,0,45,45,45,1,-2,3,-2,8,-1,1,1,1
556,15,21,0,1,7,0,7,7,7,-1,1,-1,1,4,2,-2,1,1
559,82,126,1,0,41,0,40,40,40,1,-2,2,-1,6,0,0,1,1
591,134,205,1,0,67,0,66,66,66,1,-1,1,-1,4,-2,2,1,1
596,24,40,0,0,12,1,12,12,12,0,0,0,0,0,0,0,1,1
598,25,43,0,1,12,0,12,12,12,-1,1,-1,1,4,2,-2,1,1
604,19,32,0,1,9,0,9,9,9,-1,1,-1,1,4,2,-2,1,1
612,16,28,0,0,8,1,8,8,8,0,0,0,0,0,0,0,1,1
617,110,170,1,0,55,0,54,54,54,-1,0,0,1,2,4,-4,1,1
619,26,43,1,0,13,0,12,12,12,0,0,0,0,0,0,0,1,1
620,24,40,0,0,12,1,12,12,12,0,0,0,0,0,0,0,1,1
628,16,28,0,0,8,1,8,8,8,0,0,0,0,0,0,0,1,1
629,6,11,1,0,3,0,2,2,2,0,0,0,0,0,0,0,1,1
629,105,163,1,1,52,0,52,52,52,0,1,-1,0,2,-2,2,1,1
633,4,8,1,0,2,0,1,1,1,-1,1,0,0,2,1,-1,1,1
635,6,11,1,0,3,0,2,2,2,1,-1,0,0,2,-1,1,1,1
637,4,8,1,0,2,0,1,1,1,1,-1,0,0,2,-1,1,1,1
649,462,682,1,0,231,0,230,230,230,2,-5,5,-2,14,2,-2,1,1
660,52,79,0,0,26,1,26,26,26,0,0,0,0,0,0,0,1,1
660,128,192,0,0,64,1,64,64,64,-2,4,-4,2,12,0,0,1,1
660,448,660,0,0,224,1,224,224,224,3,-6,6,-3,18,0,0,1,1
661,6,11,1,0,3,0,2,2,2,0,0,0,0,0,0,0,1,1
661,128,192,1,0,64,0,63,63,63,-2,4,-4,2,12,0,0,1,1
661,132,199,1,0,66,0,65,65,65,-3,5,-4,2,14,1,-1,1,1
661,448,660,1,0,224,0,223,223,223,3,-6,6,-3,18,0,0,1,1
661,451,665,1,1,225,0,225,225,225,3,-5,5,-3,16,-2,2,1,1
662,128,192,0,0,64,1,64,64,64,-2,4,-4,2,12,0,0,1,1
662,448,660,0,0,224,1,224,224,224,3,-6,6,-3,18,0,0,1,1
663,132,199,1,0,66,0,65,65,65,-2,5,-5,2,14,-2,2,1,1
664,444,657,0,0,222,1,222,222,222,3,-6,6,-3,18,0,0,1,1
665,4,8,1,0,2,0,1,1,1,-1,1,0,0,2,1,-1,1,1
665,130,196,1,0,65,0,64,64,64,-3,5,-4,2,14,1,-1,1,1
666,129,194,0,1,64,0,64,64,64,-3,5,-4,2,14,1,-1,1,1
667,6,11,1,0,3,0,2,2,2,1,-1,0,0,2,-1,1,1,1
669,4,8,1,0,2,0,1,1,1,1,-1,0,0,2,-1,1,1,1
674,41,60,0,1,20,0,20,20,20,-1,1,0,0,2,1,-1,1,1
681,8,11,1,0,4,0,3,3,3,0,1,-1,0,2,-2,2,1,1
681,14,18,1,0,7,0,6,6,6,-1,0,0,1,2,4,-4,1,1
688,60,87,0,0,30,1,30,30,30,-1,2,-2,1,6,0,0,1,1
689,57,83,1,1,28,0,28,28,28,0,1,-1,0,2,-2,2,1,1
695,207,302,1,1,103,0,103,103,103,-2,3,-2,1,8,1,-1,1,1
696,71,105,0,1,35,0,35,35,35,-3,5,-5,3,16,2,-2,1,1
696,75,111,0,1,37,0,37,37,37,-3,5,-4,2,14,1,-1,1,1
697,446,656,1,0,223,0,222,222,222,0,-2,2,0,4,4,-4,1,1
701,114,170,1,0,57,0,56,56,56,-2,4,-4,2,12,0,0,1,1
702,9,11,0,1,4,0,4,4,4,-1,1,-1,1,4,2,-2,1,1
702,124,185,0,0,62,1,62,62,62,-1,2,-2,1,6,0,0,1,1
703,442,650,1,0,221,0,220,220,220,2,-3,2,-1,8,-1,1,1,1
704,439,645,0,1,219,0,219,219,219,1,-3,3,-1,8,2,-2,1,1
706,48,70,0,0,24,1,24,24,24,-1,2,-2,1,6,0,0,1,1
709,32,48,1,0,16,0,15,15,15,-1,0,1,0,2,3,-3,1,1
712,27,40,0,1,13,0,13,13,13,0,-1,1,0,2,2,-2,1,1
716,45,66,0,1,22,0,22,22,22,-1,2,-3,2,8,1,-1,1,1
719,42,63,1,0,21,0,20,20,20,-1,3,-3,1,8,-2,2,1,1
720,400,590,0,0,200,1,200,200,200,2,-4,4,-2,12,0,0,1,1
723,19,30,1,1,9,0,9,9,9,0,1,0,-1,2,-3,3,1,1
732,27,42,0,1,13,0,13,13,13,-1,1,-1,1,4,2,-2,1,1
733,4,8,1,0,2,0,1,1,1,0,0,0,0,0,0,0,1,1
740,96,146,0,0,48,1,48,48,48,0,0,0,0,0,0,0,1,1
741,13,20,1,1,6,0,6,6,6,1,0,-1,0,2,-3,3,1,1
741,32,48,1,0,16,0,15,15,15,0,2,-3,1,6,-3,3,1,1
746,173,255,0,1,86,0,86,86,86,-1,1,-1,1,4,2,-2,1,1
748,15,21,0,1,7,0,7,7,7,-1,1,-1,1,4,2,-2,1,1
748,427,628,0,1,213,0,213,213,213,1,-3,3,-1,8,2,-2,1,1
752,432,634,0,0,216,1,216,216,216,2,-4,4,-2,12,0,0,1,1
754,48,70,0,0,24,1,24,24,24,0,0,0,0,0,0,0,1,1
761,24,37,1,0,12,0,11,11,11,0,1,-1,0,2,-2,2,1,1
765,377,555,1,1,188,0,188,188,188,3,-5,5,-3,16,-2,2,1,1
765,409,603,1,1,204,0,204,204,204,3,-5,5,-3,16,-2,2,1,1
767,411,605,1,1,205,0,205,205,205,2,-5,6,-3,16,1,-1,1,1
777,405,597,1,1,202,0,202,202,202,3,-5,4,-2,14,-1,1,1,1
778,405,597,0,1,202,0,202,202,202,2,-5,5,-2,14,2,-2,1,1
782,403,594,0,1,201,0,201,201,201,3,-6,5,-2,16,1,-1,1,1
813,25,35,1,1,12,0,12,12,12,1,-1,1,-1,4,-2,2,1,1
815,27,37,1,1,13,0,13,13,13,0,-1,2,-1,4,1,-1,1,1
820,356,521,0,0,178,1,178,178,178,2,-4,4,-2,12,0,0,1,1
823,362,531,1,0,181,0,180,180,180,3,-5,5,-3,16,-2,2,1,1
825,21,29,1,1,10,0,10,10,10,1,-1,0,0,2,-1,1,1,1
826,21,29,0,1,10,0,10,10,10,0,-1,1,0,2,2,-2,1,1
835,350,512,1,0,175,0,174,174,174,3,-5,5,-3,16,-2,2,1,1
856,55,87,0,1,27,0,27,27,27,0,-1,1,0,2,2,-2,1,1
881,360,531,1,0,180,0,179,179,179,2,-5,5,-2,14,2,-2,1,1
892,21,35,0,1,10,0,10,10,10,-1,1,-1,1,4,2,-2,1,1
901,336,494,1,0,168,0,167,167,167,4,-6,5,-3,18,-3,3,1,1
904,336,494,0,0,168,1,168,168,168,2,-4,4,-2,12,0,0,1,1
905,336,494,1,0,168,0,167,167,167,2,-4,4,-2,12,0,0,1,1
906,336,494,0,0,168,1,168,168,168,2,-4,4,-2,12,0,0,1,1
907,336,494,1,0,168,0,167,167,167,2,-4,4,-2,12,0,0,1,1
908,336,494,0,0,168,1,168,168,168,2,-4,4,-2,12,0,0,1,1
909,336,494,1,0,168,0,167,167,167,2,-4,4,-2,12,0,0,1,1
910,336,494,0,0,168,1,168,168,168,2,-4,4,-2,12,0,0,1,1
911,336,494,1,0,168,0,167,167,167,2,-4,4,-2,12,0,0,1,1
912,336,494,0,0,168,1,168,168,168,2,-4,4,-2,12,0,0,1,1
913,336,494,1,0,168,0,167,167,167,2,-4,4,-2,12,0,0,1,1
914,336,494,0,0,168,1,168,168,168,2,-4,4,-2,12,0,0,1,1
915,336,494,1,0,168,0,167,167,167,2,-4,4,-2,12,0,0,1,1
916,320,468,0,0,160,1,160,160,160,3,-6,6,-3,18,0,0,1,1
916,336,494,0,0,168,1,168,168,168,2,-4,4,-2,12,0,0,1,1
917,6,11,1,0,3,0,2,2,2,0,0,0,0,0,0,0,1,1
917,176,258,1,0,88,0,87,87,87,1,-2,2,-1,6,0,0,1,1
917,179,263,1,1,89,0,89,89,89,1,-1,1,-1,4,-2,2,1,1
917,320,468,1,0,160,0,159,159,159,3,-6,6,-3,18,0,0,1,1
917,323,473,1,1,161,0,161,161,161,3,-5,5,-3,16,-2,2,1,1
917,336,494,1,0,168,0,167,167,167,2,-4,4,-2,12,0,0,1,1
918,320,468,0,0,160,1,160,160,160,3,-6,6,-3,18,0,0,1,1
918,336,494,0,0,168,1,168,168,168,2,-4,4,-2,12,0,0,1,1
919,336,494,1,0,168,0,167,167,167,2,-4,4,-2,12,0,0,1,1
920,316,465,0,0,158,1,158,158,158,3,-6,6,-3,18,0,0,1,1
920,336,494,0,0,168,1,168,168,168,2,-4,4,-2,12,0,0,1,1
921,4,8,1,0,2,0,1,1,1,-1,1,0,0,2,1,-1,1,1
921,336,494,1,0,168,0,167,167,167,2,-4,4,-2,12,0,0,1,1
922,177,260,0,1,88,0,88,88,88,0,-1,2,-1,4,1,-1,1,1
922,336,494,0,0,168,1,168,168,168,2,-4,4,-2,12,0,0,1,1
923,6,11,1,0,3,0,2,2,2,1,-1,0,0,2,-1,1,1,1
923,336,494,1,0,168,0,167,167,167,2,-4,4,-2,12,0,0,1,1
924,336,494,0,0,168,1,168,168,168,2,-4,4,-2,12,0,0,1,1
925,4,8,1,0,2,0,1,1,1,1,-1,0,0,2,-1,1,1,1
925,336,494,1,0,168,0,167,167,167,2,-4,4,-2,12,0,0,1,1
926,336,494,0,0,168,1,168,168,168,2,-4,4,-2,12,0,0,1,1
927,336,494,1,0,168,0,167,167,167,2,-4,4,-2,12,0,0,1,1
928,171,249,0,1,85,0,85,85,85,0,-1,2,-1,4,1,-1,1,1
928,172,251,0,0,86,1,86,86,86,1,-2,2,-1,6,0,0,1,1
928,336,494,0,0,168,1,168,168,168,2,-4,4,-2,12,0,0,1,1
933,13,20,1,1,6,0,6,6,6,1,0,-1,0,2,-3,3,1,1
933,32,48,1,0,16,0,15,15,15,0,2,-3,1,6,-3,3,1,1
933,112,162,1,0,56,0,55,55,55,2,-3,2,-1,8,-1,1,1,1
934,111,162,0,1,55,0,55,55,55,2,-3,2,-1,8,-1,1,1,1
940,15,21,0,1,7,0,7,7,7,-1,1,-1,1,4,2,-2,1,1
948,100,145,0,0,50,1,50,50,50,1,-2,2,-1,6,0,0,1,1
953,24,37,1,0,12,0,11,11,11,0,1,-1,0,2,-2,2,1,1
956,108,155,0,0,54,1,54,54,54,1,-2,2,-1,6,0,0,1,1
973,89,127,1,1,44,0,44,44,44,2,-2,1,-1,6,-3,3,1,1
993,231,337,1,1,115,0,115,115,115,0,0,1,-1,2,-1,1,1,1
994,84,121,0,0,42,1,42,42,42,1,-2,2,-1,6,0,0,1,1
995,84,121,1,0,42,0,41,41,41,1,-2,2,-1,6,0,0,1,1
996,84,121,0,0,42,1,42,42,42,1,-2,2,-1,6,0,0,1,1
997,80,114,1,0,40,0,39,39,39,2,-3,2,-1,8,-1,1,1,1
997,84,121,1,0,42,0,41,41,41,1,-2,2,-1,6,0,0,1,1
998,79,114,0,1,39,0,39,39,39,2,-3,2,-1,8,-1,1,1,1
998,84,121,0,0,42,1,42,42,42,1,-2,2,-1,6,0,0,1,1
999,84,121,1,0,42,0,41,41,41,1,-2,2,-1,6,0,0,1,1
1000,43,61,0,1,21,0,21,21,21,0,-1,1,0,2,2,-2,1,1
1000,84,121,0,0,42,1,42,42,42,1,-2,2,-1,6,0,0,1,1
1005,25,35,1,1,12,0,12,12,12,1,-1,1,-1,4,-2,2,1,1
1007,27,37,1,1,13,0,13,13,13,0,-1,2,-1,4,1,-1,1,1
1017,21,29,1,1,10,0,10,10,10,1,-1,0,0,2,-1,1,1,1
1018,21,29,0,1,10,0,10,10,10,0,-1,1,0,2,2,-2,1,1
1031,30,40,1,0,15,0,14,14,14,0,1,-1,0,2,-2,2,1,1
1052,120,170,0,0,60,1,60,60,60,-1,2,-2,1,6,0,0,1,1
1056,117,165,0,1,58,0,58,58,58,0,1,-2,1,4,-1,1,1,1
1064,195,284,0,1,97,0,97,97,97,0,-1,1,0,2,2,-2,1,1
1066,12,15,0,0,6,1,6,6,6,0,0,0,0,0,0,0,1,1
1069,11,13,1,1,5,0,5,5,5,0,1,-1,0,2,-2,2,1,1
1069,108,151,1,0,54,0,53,53,53,-2,3,-3,2,10,2,-2,1,1
1071,9,10,1,1,4,0,4,4,4,-1,1,-1,1,4,2,-2,1,1
1073,15,18,1,1,7,0,7,7,7,0,0,1,-1,2,-1,1,1,1
1074,8,9,0,0,4,1,4,4,4,-1,1,1,-1,4,0,0,1,1
1078,12,15,0,0,6,1,6,6,6,0,0,0,0,0,0,0,1,1
1080,11,13,0,1,5,0,5,5,5,0,-1,1,0,2,2,-2,1,1
1082,8,9,0,0,4,1,4,4,4,1,-1,-1,1,4,0,0,1,1
1084,51,72,0,1,25,0,25,25,25,-1,1,-1,1,4,2,-2,1,1
1086,181,263,0,1,90,0,90,90,90,0,-1,1,0,2,2,-2,1,1
1089,179,261,1,1,89,0,89,89,89,1,-1,1,-1,4,-2,2,1,1
1090,48,70,0,0,24,1,24,24,24,-1,2,-2,1,6,0,0,1,1
1092,177,258,0,1,88,0,88,88,88,1,-1,0,0,2,-1,1,1,1
1093,32,48,1,0,16,0,15,15,15,-1,0,1,0,2,3,-3,1,1
1096,27,40,0,1,13,0,13,13,13,0,-1,1,0,2,2,-2,1,1
1100,45,66,0,1,22,0,22,22,22,-1,2,-3,2,8,1,-1,1,1
1103,42,63,1,0,21,0,20,20,20,-1,3,-3,1,8,-2,2,1,1
1107,19,30,1,1,9,0,9,9,9,0,1,0,-1,2,-3,3,1,1
1116,27,42,0,1,13,0,13,13,13,-1,1,-1,1,4,2,-2,1,1
1117,4,8,1,0,2,0,1,1,1,0,0,0,0,0,0,0,1,1
1125,13,20,1,1,6,0,6,6,6,1,0,-1,0,2,-3,3,1,1
1125,32,48,1,0,16,0,15,15,15,0,2,-3,1,6,-3,3,1,1
1132,15,21,0,1,7,0,7,7,7,-1,1,-1,1,4,2,-2,1,1
1145,24,37,1,0,12,0,11,11,11,0,1,-1,0,2,-2,2,1,1
1165,73,101,1,1,36,0,36,36,36,2,-2,1,-1,6,-3,3,1,1
1185,266,393,1,0,133,0,132,132,132,0,-2,2,0,4,4,-4,1,1
1189,48,66,1,0,24,0,23,23,23,1,-1,0,0,2,-1,1,1,1
1190,47,66,0,1,23,0,23,23,23,1,-1,0,0,2,-1,1,1,1
1192,48,66,0,0,24,1,24,24,24,0,0,0,0,0,0,0,1,1
1197,25,35,1,1,12,0,12,12,12,1,-1,1,-1,4,-2,2,1,1
1199,27,37,1,1,13,0,13,13,13,0,-1,2,-1,4,1,-1,1,1
1201,44,59,1,0,22,0,21,21,21,1,0,-1,0,2,-3,3,1,1
1204,44,59,0,0,22,1,22,22,22,-1,2,-2,1,6,0,0,1,1
1209,21,29,1,1,10,0,10,10,10,1,-1,0,0,2,-1,1,1,1
1210,21,29,0,1,10,0,10,10,10,0,-1,1,0,2,2,-2,1,1
1212,35,46,0,1,17,0,17,17,17,-1,1,-1,1,4,2,-2,1,1
1212,36,47,0,0,18,1,18,18,18,-1,2,-2,1,6,0,0,1,1
1217,32,42,1,0,16,0,15,15,15,-2,2,-1,1,6,3,-3,1,1
1219,32,42,1,0,16,0,15,15,15,-1,2,-1,0,4,-1,1,1,1
1220,60,81,0,0,30,1,30,30,30,0,0,0,0,0,0,0,1,1
1224,32,42,0,0,16,1,16,16,16,0,0,0,0,0,0,0,1,1
1235,49,66,1,1,24,0,24,24,24,0,0,0,0,0,0,0,1,1
1237,48,66,1,0,24,0,23,23,23,0,0,0,0,0,0,0,1,1
1237,51,71,1,1,25,0,25,25,25,0,1,-1,0,2,-2,2,1,1
1240,48,66,0,0,24,1,24,24,24,0,0,0,0,0,0,0,1,1
1246,45,61,0,1,22,0,22,22,22,0,-1,2,-1,4,1,-1,1,1
1248,43,57,0,1,21,0,21,21,21,0,-1,2,-1,4,1,-1,1,1
1248,44,59,0,0,22,1,22,22,22,1,-2,2,-1,6,0,0,1,1
1249,32,42,1,0,16,0,15,15,15,2,-2,1,-1,6,-3,3,1,1
1249,209,305,1,1,104,0,104,104,104,1,0,-1,0,2,-3,3,1,1
1251,32,42,1,0,16,0,15,15,15,1,-2,1,0,4,1,-1,1,1
1254,212,311,0,0,106,1,106,106,106,0,0,0,0,0,0,0,1,1
1256,32,42,0,0,16,1,16,16,16,0,0,0,0,0,0,0,1,1
1258,12,15,0,0,6,1,6,6,6,0,0,0,0,0,0,0,1,1
1261,11,13,1,1,5,0,5,5,5,0,1,-1,0,2,-2,2,1,1
1263,9,10,1,1,4,0,4,4,4,-1,1,-1,1,4,2,-2,1,1
1264,204,297,0,0,102,1,102,102,102,-1,2,-2,1,6,0,0,1,1
1265,15,18,1,1,7,0,7,7,7,0,0,1,-1,2,-1,1,1,1
1266,8,9,0,0,4,1,4,4,4,-1,1,1,-1,4,0,0,1,1
1270,12,15,0,0,6,1,6,6,6,0,0,0,0,0,0,0,1,1
1272,11,13,0,1,5,0,5,5,5,0,-1,1,0,2,2,-2,1,1
1274,8,9,0,0,4,1,4,4,4,1,-1,-1,1,4,0,0,1,1
1285,159,238,1,1,79,0,79,79,79,0,0,1,-1,2,-1,1,1,1
1285,192,284,1,0,96,0,95,95,95,-1,3,-3,1,8,-2,2,1,1
1287,30,40,1,0,15,0,14,14,14,0,1,-1,0,2,-2,2,1,1
1287,158,236,1,0,79,0,78,78,78,0,-1,2,-1,4,1,-1,1,1
1288,192,284,0,0,96,1,96,96,96,-2,4,-4,2,12,0,0,1,1
1289,156,233,1,0,78,0,77,77,77,0,-1,1,0,2,2,-2,1,1
1289,191,282,1,1,95,0,95,95,95,-1,4,-5,2,12,-3,3,1,1
1291,156,233,1,0,78,0,77,77,77,0,-1,2,-1,4,1,-1,1,1
1299,142,214,1,0,71,0,70,70,70,1,-1,1,-1,4,-2,2,1,1
1300,128,192,0,0,64,1,64,64,64,0,0,0,0,0,0,0,1,1
1301,128,192,1,0,64,0,63,63,63,0,0,0,0,0,0,0,1,1
1302,128,192,0,0,64,1,64,64,64,0,0,0,0,0,0,0,1,1
1309,127,190,1,1,63,0,63,63,63,1,-1,1,-1,4,-2,2,1,1
1311,126,188,1,0,63,0,62,62,62,1,-2,2,-1,6,0,0,1,1
1312,108,161,0,0,54,1,54,54,54,1,-2,2,-1,6,0,0,1,1
1313,124,185,1,0,62,0,61,61,61,1,-2,2,-1,6,0,0,1,1
1315,124,185,1,0,62,0,61,61,61,1,-2,2,-1,6,0,0,1,1
1322,12,15,0,0,6,1,6,6,6,0,0,0,0,0,0,0,1,1
1325,11,13,1,1,5,0,5,5,5,0,1,-1,0,2,-2,2,1,1
1326,135,204,0,1,67,0,67,67,67,1,-1,0,0,2,-1,1,1,1
1326,136,205,0,0,68,1,68,68,68,1,-1,-1,1,4,0,0,1,1
1327,9,10,1,1,4,0,4,4,4,-1,1,-1,1,4,2,-2,1,1
1328,180,267,0,0,90,1,90,90,90,-3,6,-6,3,18,0,0,1,1
1329,15,18,1,1,7,0,7,7,7,0,0,1,-1,2,-1,1,1,1
1330,8,9,0,0,4,1,4,4,4,-1,1,1,-1,4,0,0,1,1
1330,132,199,0,0,66,1,66,66,66,0,0,0,0,0,0,0,1,1
1333,173,260,1,1,86,0,86,86,86,-2,5,-5,2,14,-2,2,1,1
1334,12,15,0,0,6,1,6,6,6,0,0,0,0,0,0,0,1,1
1336,11,13,0,1,5,0,5,5,5,0,-1,1,0,2,2,-2,1,1
1338,8,9,0,0,4,1,4,4,4,1,-1,-1,1,4,0,0,1,1
1340,168,252,0,0,84,1,84,84,84,-3,6,-6,3,18,0,0,1,1
1356,76,117,0,0,38,1,38,38,38,0,0,0,0,0,0,0,1,1
1362,16,26,0,0,8,1,8,8,8,0,0,0,0,0,0,0,1,1
1373,4,8,1,0,2,0,1,1,1,0,0,0,0,0,0,0,1,1
1376,117,181,0,1,58,0,58,58,58,0,1,-2,1,4,-1,1,1,1
1377,118,182,1,0,59,0,58,58,58,-2,2,-2,2,8,4,-4,1,1
1378,17,28,0,1,8,0,8,8,8,0,-1,1,0,2,2,-2,1,1
1379,118,181,1,0,59,0,58,58,58,-1,2,-2,1,6,0,0,1,1
1380,109,169,0,1,54,0,54,54,54,0,1,-2,1,4,-1,1,1,1
1389,111,170,1,1,55,0,55,55,55,-1,3,-3,1,8,-2,2,1,1
1392,108,165,0,0,54,1,54,54,54,-1,2,-2,1,6,0,0,1,1
1393,111,170,1,1,55,0,55,55,55,-2,4,-3,1,10,-1,1,1,1
1395,104,161,1,0,52,0,51,51,51,-1,2,-2,1,6,0,0,1,1
1396,16,28,0,0,8,1,8,8,8,-1,2,-2,1,6,0,0,1,1
1397,105,163,1,1,52,0,52,52,52,-1,3,-3,1,8,-2,2,1,1
1401,103,159,1,1,51,0,51,51,51,-2,4,-3,1,10,-1,1,1,1
1402,101,156,0,1,50,0,50,50,50,-2,3,-3,2,10,2,-2,1,1
1405,4,8,1,0,2,0,1,1,1,0,0,0,0,0,0,0,1,1
1428,52,79,0,0,26,1,26,26,26,0,0,0,0,0,0,0,1,1
1428,128,192,0,0,64,1,64,64,64,-2,4,-4,2,12,0,0,1,1
1429,6,11,1,0,3,0,2,2,2,0,0,0,0,0,0,0,1,1
1429,128,192,1,0,64,0,63,63,63,-2,4,-4,2,12,0,0,1,1
1429,132,199,1,0,66,0,65,65,65,-3,5,-4,2,14,1,-1,1,1
1430,128,192,0,0,64,1,64,64,64,-2,4,-4,2,12,0,0,1,1
1431,132,199,1,0,66,0,65,65,65,-2,5,-5,2,14,-2,2,1,1
1433,4,8,1,0,2,0,1,1,1,-1,1,0,0,2,1,-1,1,1
1433,130,196,1,0,65,0,64,64,64,-3,5,-4,2,14,1,-1,1,1
1434,129,194,0,1,64,0,64,64,64,-3,5,-4,2,14,1,-1,1,1
1435,6,11,1,0,3,0,2,2,2,1,-1,0,0,2,-1,1,1,1
1437,4,8,1,0,2,0,1,1,1,1,-1,0,0,2,-1,1,1,1
1442,41,60,0,1,20,0,20,20,20,-1,1,0,0,2,1,-1,1,1
1449,8,11,1,0,4,0,3,3,3,0,1,-1,0,2,-2,2,1,1
1449,14,18,1,0,7,0,6,6,6,-1,0,0,1,2,4,-4,1,1
1456,60,87,0,0,30,1,30,30,30,-1,2,-2,1,6,0,0,1,1
1457,57,83,1,1,28,0,28,28,28,0,1,-1,0,2,-2,2,1,1
1464,71,105,0,1,35,0,35,35,35,-3,5,-5,3,16,2,-2,1,1
1464,75,111,0,1,37,0,37,37,37,-3,5,-4,2,14,1,-1,1,1
1469,114,170,1,0,57,0,56,56,56,-2,4,-4,2,12,0,0,1,1
1470,9,11,0,1,4,0,4,4,4,-1,1,-1,1,4,2,-2,1,1
1470,124,185,0,0,62,1,62,62,62,-1,2,-2,1,6,0,0,1,1
1474,48,70,0,0,24,1,24,24,24,-1,2,-2,1,6,0,0,1,1
1477,32,48,1,0,16,0,15,15,15,-1,0,1,0,2,3,-3,1,1
1480,27,40,0,1,13,0,13,13,13,0,-1,1,0,2,2,-2,1,1
1484,45,66,0,1,22,0,22,22,22,-1,2,-3,2,8,1,-1,1,1
1487,42,63,1,0,21,0,20,20,20,-1,3,-3,1,8,-2,2,1,1
1491,19,30,1,1,9,0,9,9,9,0,1,0,-1,2,-3,3,1,1
1500,27,42,0,1,13,0,13,13,13,-1,1,-1,1,4,2,-2,1,1
1501,4,8,1,0,2,0,1,1,1,0,0,0,0,0,0,0,1,1
1508,96,146,0,0,48,1,48,48,48,0,0,0,0,0,0,0,1,1
1509,13,20,1,1,6,0,6,6,6,1,0,-1,0,2,-3,3,1,1
1509,32,48,1,0,16,0,15,15,15,0,2,-3,1,6,-3,3,1,1
1514,173,255,0,1,86,0,86,86,86,-1,1,-1,1,4,2,-2,1,1
1516,15,21,0,1,7,0,7,7,7,-1,1,-1,1,4,2,-2,1,1
1522,48,70,0,0,24,1,24,24,24,0,0,0,0,0,0,0,1,1
1529,24,37,1,0,12,0,11,11,11,0,1,-1,0,2,-2,2,1,1
1581,25,35,1,1,12,0,12,12,12,1,-1,1,-1,4,-2,2,1,1
1583,27,37,1,1,13,0,13,13,13,0,-1,2,-1,4,1,-1,1,1
1593,21,29,1,1,10,0,10,10,10,1,-1,0,0,2,-1,1,1,1
1594,21,29,0,1,10,0,10,10,10,0,-1,1,0,2,2,-2,1,1
1624,55,87,0,1,27,0,27,27,27,0,-1,1,0,2,2,-2,1,1
1660,21,35,0,1,10,0,10,10,10,-1,1,-1,1,4,2,-2,1,1
1685,6,11,1,0,3,0,2,2,2,0,0,0,0,0,0,0,1,1
1689,4,8,1,0,2,0,1,1,1,-1,1,0,0,2,1,-1,1,1
1691,6,11,1,0,3,0,2,2,2,1,-1,0,0,2,-1,1,1,1
1693,4,8,1,0,2,0,1,1,1,1,-1,0,0,2,-1,1,1,1
1701,13,20,1,1,6,0,6,6,6,1,0,-1,0,2,-3,3,1,1
1701,32,48,1,0,16,0,15,15,15,0,2,-3,1,6,-3,3,1,1
1701,112,162,1,0,56,0,55,55,55,2,-3,2,-1,8,-1,1,1,1
1702,111,162,0,1,55,0,55,55,55,2,-3,2,-1,8,-1,1,1,1
1708,15,21,0,1,7,0,7,7,7,-1,1,-1,1,4,2,-2,1,1
1716,100,145,0,0,50,1,50,50,50,1,-2,2,-1,6,0,0,1,1
1721,24,37,1,0,12,0,11,11,11,0,1,-1,0,2,-2,2,1,1
1724,108,155,0,0,54,1,54,54,54,1,-2,2,-1,6,0,0,1,1
1741,89,127,1,1,44,0,44,44,44,2,-2,1,-1,6,-3,3,1,1
1762,84,121,0,0,42,1,42,42,42,1,-2,2,-1,6,0,0,1,1
1763,84,121,1,0,42,0,41,41,41,1,-2,2,-1,6,0,0,1,1
1764,84,121,0,0,42,1,42,42,42,1,-2,2,-1,6,0,0,1,1
1765,80,114,1,0,40,0,39,39,39,2,-3,2,-1,8,-1,1,1,1
1765,84,121,1,0,42,0,41,41,41,1,-2,2,-1,6,0,0,1,1
1766,79,114,0,1,39,0,39,39,39,2,-3,2,-1,8,-1,1,1,1
1766,84,121,0,0,42,1,42,42,42,1,-2,2,-1,6,0,0,1,1
1767,84,121,1,0,42,0,41,41,41,1,-2,2,-1,6,0,0,1,1
1768,43,61,0,1,21,0,21,21,21,0,-1,1,0,2,2,-2,1,1
1768,84,121,0,0,42,1,42,42,42,1,-2,2,-1,6,0,0,1,1
1773,25,35,1,1,12,0,12,12,12,1,-1,1,-1,4,-2,2,1,1
1775,27,37,1,1,13,0,13,13,13,0,-1,2,-1,4,1,-1,1,1
1785,21,29,1,1,10,0,10,10,10,1,-1,0,0,2,-1,1,1,1
1786,21,29,0,1,10,0,10,10,10,0,-1,1,0,2,2,-2,1,1
1799,30,40,1,0,15,0,14,14,14,0,1,-1,0,2,-2,2,1,1
1834,12,15,0,0,6,1,6,6,6,0,0,0,0,0,0,0,1,1
1837,11,13,1,1,5,0,5,5,5,0,1,-1,0,2,-2,2,1,1
1839,9,10,1,1,4,0,4,4,4,-1,1,-1,1,4,2,-2,1,1
1841,15,18,1,1,7,0,7,7,7,0,0,1,-1,2,-1,1,1,1
1842,8,9,0,0,4,1,4,4,4,-1,1,1,-1,4,0,0,1,1
1846,12,15,0,0,6,1,6,6,6,0,0,0,0,0,0,0,1,1
1848,11,13,0,1,5,0,5,5,5,0,-1,1,0,2,2,-2,1,1
1850,8,9,0,0,4,1,4,4,4,1,-1,-1,1,4,0,0,1,1
1852,51,72,0,1,25,0,25,25,25,-1,1,-1,1,4,2,-2,1,1
1858,48,70,0,0,24,1,24,24,24,-1,2,-2,1,6,0,0,1,1
1861,32,48,1,0,16,0,15,15,15,-1,0,1,0,2,3,-3,1,1
1864,27,40,0,1,13,0,13,13,13,0,-1,1,0,2,2,-2,1,1
1868,45,66,0,1,22,0,22,22,22,-1,2,-3,2,8,1,-1,1,1
1871,42,63,1,0,21,0,20,20,20,-1,3,-3,1,8,-2,2,1,1
1875,19,30,1,1,9,0,9,9,9,0,1,0,-1,2,-3,3,1,1
1884,27,42,0,1,13,0,13,13,13,-1,1,-1,1,4,2,-2,1,1
1885,4,8,1,0,2,0,1,1,1,0,0,0,0,0,0,0,1,1
1893,13,20,1,1,6,0,6,6,6,1,0,-1,0,2,-3,3,1,1
1893,32,48,1,0,16,0,15,15,15,0,2,-3,1,6,-3,3,1,1
1900,15,21,0,1,7,0,7,7,7,-1,1,-1,1,4,2,-2,1,1
1913,24,37,1,0,12,0,11,11,11,0,1,-1,0,2,-2,2,1,1
1965,25,35,1,1,12,0,12,12,12,1,-1,1,-1,4,-2,2,1,1
1967,27,37,1,1,13,0,13,13,13,0,-1,2,-1,4,1,-1,1,1
1977,21,29,1,1,10,0,10,10,10,1,-1,0,0,2,-1,1,1,1
1978,21,29,0,1,10,0,10,10,10,0,-1,1,0,2,2,-2,1,1
